<?xml version="1.0" encoding="UTF-8"?>
<!DOCTYPE mapper PUBLIC "-//mybatis.org//DTD Mapper 3.0//EN" "http://mybatis.org/dtd/mybatis-3-mapper.dtd">
<mapper namespace="com.mlz.mapper.AdminMapper">

    <!-- 通用查询映射结果 -->
    <resultMap id="BaseResultMap" type="com.mlz.entity.pojo.Admin">
        <id column="id" property="id" />
        <result column="role_id" property="roleId" />
        <result column="avatar" property="avatar" />
        <result column="account" property="account" />
        <result column="password" property="password" />
        <result column="salt" property="salt" />
        <result column="email" property="email" />
        <result column="phone" property="phone" />
        <result column="status" property="status" />
        <result column="createtime" property="createtime" />
        <result column="updatetime" property="updatetime" />
        <result column="deleted" property="deleted" />
    </resultMap>
    <!-- 通用查询结果列 -->
    <sql id="Base_Column_List">
        id, role_id, avatar, account, password, salt, email, phone, status, createtime, updatetime, deleted
    </sql>

</mapper>
