<?xml version="1.0" encoding="UTF-8"?>
<!DOCTYPE mapper PUBLIC "-//mybatis.org//DTD Mapper 3.0//EN" "http://mybatis.org/dtd/mybatis-3-mapper.dtd">
<mapper namespace="com.mlz.mapper.FileMapper">

    <!-- 通用查询映射结果 -->
    <resultMap id="BaseResultMap" type="com.mlz.entity.pojo.File">
        <id column="id" property="id" />
        <result column="file_name" property="fileName" />
        <result column="file_path" property="filePath" />
        <result column="file_mime" property="fileMime" />
        <result column="file_size" property="fileSize" />
        <result column="usage_id" property="usageId" />
        <result column="usage_type" property="usageType" />
        <result column="createtime" property="createtime" />
        <result column="updatetime" property="updatetime" />
        <result column="deleted" property="deleted" />
    </resultMap>
    <!-- 通用查询结果列 -->
    <sql id="Base_Column_List">
        id, file_name, file_path, file_mime, file_size, usage_id, usage_type, createtime, updatetime, deleted
    </sql>

</mapper>
