<?xml version="1.0" encoding="UTF-8"?>
<!DOCTYPE mapper PUBLIC "-//mybatis.org//DTD Mapper 3.0//EN" "http://mybatis.org/dtd/mybatis-3-mapper.dtd">
<mapper namespace="com.mlz.mapper.LoginLogMapper">

    <!-- 通用查询映射结果 -->
    <resultMap id="BaseResultMap" type="com.mlz.entity.pojo.LoginLog">
        <id column="id" property="id" />
        <result column="user_id" property="userId" />
        <result column="log_name" property="logName" />
        <result column="succeed" property="succeed" />
        <result column="message" property="message" />
        <result column="ip" property="ip" />
        <result column="createtime" property="createtime" />
        <result column="updatetime" property="updatetime" />
    </resultMap>
    <!-- 通用查询结果列 -->
    <sql id="Base_Column_List">
        id, user_id, log_name, succeed, message, ip, createtime, updatetime
    </sql>

</mapper>
