<?xml version="1.0" encoding="UTF-8"?>
<!DOCTYPE mapper PUBLIC "-//mybatis.org//DTD Mapper 3.0//EN" "http://mybatis.org/dtd/mybatis-3-mapper.dtd">
<mapper namespace="com.mlz.mapper.MenuMapper">

    <!-- 通用查询映射结果 -->
    <resultMap id="BaseResultMap" type="com.mlz.entity.pojo.Menu">
        <id column="id" property="id" />
        <result column="type" property="type" />
        <result column="code" property="code" />
        <result column="pcode" property="pcode" />
        <result column="pcodes" property="pcodes" />
        <result column="name" property="name" />
        <result column="weight" property="weight" />
        <result column="icon" property="icon" />
        <result column="url" property="url" />
        <result column="levels" property="levels" />
        <result column="ismenu" property="ismenu" />
        <result column="status" property="status" />
        <result column="isopen" property="isopen" />
        <result column="createtime" property="createtime" />
        <result column="updatetime" property="updatetime" />
        <result column="deleted" property="deleted" />
    </resultMap>
    <!-- 通用查询结果列 -->
    <sql id="Base_Column_List">
        id, type, code, pcode, pcodes, name, weight, icon, url, levels, ismenu, status, isopen, createtime, updatetime, deleted
    </sql>

</mapper>
