<?xml version="1.0" encoding="UTF-8"?>
<!DOCTYPE mapper PUBLIC "-//mybatis.org//DTD Mapper 3.0//EN" "http://mybatis.org/dtd/mybatis-3-mapper.dtd">
<mapper namespace="com.mlz.mapper.ProductMapper">

    <!-- 通用查询映射结果 -->
    <resultMap id="BaseResultMap" type="com.mlz.entity.pojo.Product">
        <id column="id" property="id" />
        <result column="merchant_id" property="merchantId" />
        <result column="product_type_id" property="productTypeId" />
        <result column="product_on" property="productOn" />
        <result column="name" property="name" />
        <result column="brand" property="brand" />
        <result column="original_price" property="originalPrice" />
        <result column="price" property="price" />
        <result column="attrs" property="attrs" />
        <result column="labels" property="labels" />
        <result column="content" property="content" />
        <result column="video_url" property="videoUrl" />
        <result column="volume" property="volume" />
        <result column="guarantee_time" property="guaranteeTime" />
        <result column="status" property="status" />
        <result column="createtime" property="createtime" />
        <result column="updatetime" property="updatetime" />
        <result column="deleted" property="deleted" />
    </resultMap>
    <!-- 通用查询结果列 -->
    <sql id="Base_Column_List">
        id, merchant_id, product_type_id, product_on, name, brand, original_price, price, attrs, labels, content, video_url, volume, guarantee_time, status, createtime, updatetime, deleted
    </sql>

</mapper>
