<?xml version="1.0" encoding="UTF-8"?>
<!DOCTYPE mapper PUBLIC "-//mybatis.org//DTD Mapper 3.0//EN" "http://mybatis.org/dtd/mybatis-3-mapper.dtd">
<mapper namespace="com.mlz.mapper.RoleMapper">

    <!-- 通用查询映射结果 -->
    <resultMap id="BaseResultMap" type="com.mlz.entity.pojo.Role">
        <id column="id" property="id" />
        <result column="pid" property="pid" />
        <result column="weight" property="weight" />
        <result column="name" property="name" />
        <result column="status" property="status" />
        <result column="createtime" property="createtime" />
        <result column="updatetime" property="updatetime" />
        <result column="deleted" property="deleted" />
    </resultMap>
    <!-- 通用查询结果列 -->
    <sql id="Base_Column_List">
        id, pid, weight, name, status, createtime, updatetime, deleted
    </sql>

</mapper>
