<?xml version="1.0" encoding="UTF-8"?>
<!DOCTYPE mapper PUBLIC "-//mybatis.org//DTD Mapper 3.0//EN" "http://mybatis.org/dtd/mybatis-3-mapper.dtd">
<mapper namespace="com.mlz.mapper.SystemMapper">

    <!-- 通用查询映射结果 -->
    <resultMap id="BaseResultMap" type="com.mlz.entity.pojo.System">
        <id column="id" property="id" />
        <result column="type" property="type" />
        <result column="key" property="key" />
        <result column="value" property="value" />
        <result column="sp_id" property="spId" />
        <result column="description" property="description" />
        <result column="createtime" property="createtime" />
        <result column="updatetime" property="updatetime" />
    </resultMap>
    <!-- 通用查询结果列 -->
    <sql id="Base_Column_List">
        id, type, key, value, sp_id, description, createtime, updatetime
    </sql>

</mapper>
