<?xml version="1.0" encoding="UTF-8"?>
<!DOCTYPE mapper PUBLIC "-//mybatis.org//DTD Mapper 3.0//EN" "http://mybatis.org/dtd/mybatis-3-mapper.dtd">
<mapper namespace="com.mlz.mapper.UserWalletMapper">

    <!-- 通用查询映射结果 -->
    <resultMap id="BaseResultMap" type="com.mlz.entity.pojo.UserWallet">
        <id column="id" property="id" />
        <result column="user_id" property="userId" />
        <result column="merchant_id" property="merchantId" />
        <result column="lower_user_id" property="lowerUserId" />
        <result column="order_id" property="orderId" />
        <result column="type" property="type" />
        <result column="amount_money" property="amountMoney" />
        <result column="income_time" property="incomeTime" />
        <result column="status" property="status" />
        <result column="createtime" property="createtime" />
        <result column="updatetime" property="updatetime" />
        <result column="deleted" property="deleted" />
    </resultMap>
    <!-- 通用查询结果列 -->
    <sql id="Base_Column_List">
        id, user_id, merchant_id, lower_user_id, order_id, type, amount_money, income_time, status, createtime, updatetime, deleted
    </sql>

</mapper>
