<?xml version="1.0" encoding="UTF-8"?>
<!DOCTYPE mapper PUBLIC "-//mybatis.org//DTD Mapper 3.0//EN" "http://mybatis.org/dtd/mybatis-3-mapper.dtd">
<mapper namespace="com.mlz.mapper.UserAddressMapper">

    <!-- 通用查询映射结果 -->
    <resultMap id="BaseResultMap" type="com.mlz.entity.pojo.UserAddress">
        <id column="id" property="id" />
        <result column="user_id" property="userId" />
        <result column="merchant_id" property="merchantId" />
        <result column="name" property="name" />
        <result column="phone" property="phone" />
        <result column="province_city_area" property="provinceCityArea" />
        <result column="province_city_name" property="provinceCityName" />
        <result column="address" property="address" />
        <result column="createtime" property="createtime" />
        <result column="updatetime" property="updatetime" />
        <result column="deleted" property="deleted" />
    </resultMap>
    <!-- 通用查询结果列 -->
    <sql id="Base_Column_List">
        id, user_id, merchant_id, name, phone, province_city_area, province_city_name, address, createtime, updatetime, deleted
    </sql>

</mapper>
